Pune (PNQ),Bengaluru (BLR),Air India,06:30 AM,12:35 AM,18h 5m,1 Stop,7189,11-29-2024
Pune (PNQ),Bengaluru (BLR),IndiGo,06:00 AM,08:15 AM,2h 15m,Non-Stop,8316,11-29-2024
Pune (PNQ),Bengaluru (BLR),Air India,01:20 PM,12:35 AM,11h 15m,1 Stop,8629,11-29-2024
Pune (PNQ),Bengaluru (BLR),IndiGo,07:00 AM,09:15 AM,2h 15m,Non-Stop,8728,11-29-2024
Pune (PNQ),Bengaluru (BLR),Air India,06:00 PM,12:35 AM,6h 35m,1 Stop,8884,11-29-2024
Pune (PNQ),Bengaluru (BLR),IndiGo,02:00 AM,04:20 AM,2h 20m,Non-Stop,9046,11-29-2024
Pune (PNQ),Bengaluru (BLR),Air India,11:00 PM,01:25 AM,2h 25m,Non-Stop,9199,11-29-2024
Pune (PNQ),Bengaluru (BLR),Air India,09:40 AM,02:50 PM,5h 10m,1 Stop,9227,11-29-2024
Pune (PNQ),Bengaluru (BLR),Air India,09:40 AM,05:10 PM,7h 30m,1 Stop,9227,11-29-2024
Pune (PNQ),Bengaluru (BLR),Air India,07:10 AM,02:50 PM,7h 40m,1 Stop,9227,11-29-2024
Pune (PNQ),Bengaluru (BLR),Air India,09:50 PM,07:50 AM,10h,1 Stop,9227,11-29-2024
Pune (PNQ),Bengaluru (BLR),Air India,07:10 AM,05:10 PM,10h,1 Stop,9227,11-29-2024
Pune (PNQ),Bengaluru (BLR),Air India,09:50 PM,07:50 AM,10h,1 Stop,9227,11-29-2024
Pune (PNQ),Bengaluru (BLR),Air India,01:20 PM,07:00 PM,5h 40m,1 Stop,9250,11-29-2024
Pune (PNQ),Bengaluru (BLR),Air India,10:20 AM,02:50 PM,4h 30m,1 Stop,9372,11-29-2024
Pune (PNQ),Bengaluru (BLR),Air India,10:20 AM,05:10 PM,6h 50m,1 Stop,9372,11-29-2024
Pune (PNQ),Bengaluru (BLR),Air India,06:00 PM,09:40 AM,15h 40m,1 Stop,9398,11-29-2024
Pune (PNQ),Bengaluru (BLR),Air India,07:10 AM,01:50 PM,6h 40m,1 Stop,9410,11-29-2024
Pune (PNQ),Bengaluru (BLR),Air India,02:45 PM,12:05 AM,9h 20m,1 Stop,9410,11-29-2024
Pune (PNQ),Bengaluru (BLR),Air India,06:30 AM,11:20 AM,4h 50m,1 Stop,9420,11-29-2024
Pune (PNQ),Bengaluru (BLR),Air India,06:30 AM,01:50 PM,7h 20m,1 Stop,9420,11-29-2024
Pune (PNQ),Bengaluru (BLR),Air India,06:30 AM,02:50 PM,8h 20m,1 Stop,9420,11-29-2024
Pune (PNQ),Bengaluru (BLR),Air India,06:30 AM,05:10 PM,10h 40m,1 Stop,9420,11-29-2024
Pune (PNQ),Bengaluru (BLR),Air India,04:15 PM,12:35 AM,8h 20m,1 Stop,9640,11-29-2024
Pune (PNQ),Bengaluru (BLR),IndiGo,05:00 AM,07:20 AM,2h 20m,Non-Stop,9845,11-29-2024
Pune (PNQ),Bengaluru (BLR),Air India Express,09:10 PM,11:35 PM,2h 25m,Non-Stop,9941,11-29-2024
Pune (PNQ),Bengaluru (BLR),IndiGo,05:00 AM,09:55 AM,4h 55m,1 Stop,10106,11-29-2024
Pune (PNQ),Bengaluru (BLR),IndiGo,06:30 PM,11:10 PM,4h 40m,1 Stop,10219,11-29-2024
Pune (PNQ),Bengaluru (BLR),IndiGo,07:10 AM,12:25 PM,5h 15m,1 Stop,10219,11-29-2024
Pune (PNQ),Bengaluru (BLR),IndiGo,11:50 AM,02:10 PM,2h 20m,Non-Stop,10719,11-29-2024
Pune (PNQ),Bengaluru (BLR),IndiGo,04:00 AM,06:20 AM,2h 20m,Non-Stop,10719,11-29-2024
Pune (PNQ),Bengaluru (BLR),Akasa Air,10:40 AM,01:05 PM,2h 25m,Non-Stop,10719,11-29-2024
Pune (PNQ),Bengaluru (BLR),Air India,04:15 PM,11:25 PM,7h 10m,1 Stop,10743,11-29-2024
Pune (PNQ),Bengaluru (BLR),Air India,12:25 PM,05:10 PM,4h 45m,1 Stop,10925,11-29-2024
Pune (PNQ),Bengaluru (BLR),Akasa Air,08:30 AM,10:50 AM,2h 20m,Non-Stop,11132,11-29-2024
Pune (PNQ),Bengaluru (BLR),Air India,07:00 AM,09:15 AM,2h 15m,Non-Stop,11299,11-29-2024
Pune (PNQ),Bengaluru (BLR),Air India,05:45 AM,08:00 AM,2h 15m,Non-Stop,11299,11-29-2024
Pune (PNQ),Bengaluru (BLR),Air India,07:30 AM,09:35 AM,2h 5m,Non-Stop,11472,11-29-2024
Pune (PNQ),Bengaluru (BLR),IndiGo,08:00 AM,10:20 AM,2h 20m,Non-Stop,11673,11-29-2024
Pune (PNQ),Bengaluru (BLR),IndiGo,02:00 PM,04:20 PM,2h 20m,Non-Stop,11673,11-29-2024
Bengaluru (BLR),Pune (PNQ),Air India,06:30 AM,12:35 AM,18h 5m,1 Stop,7189,11-29-2024
Bengaluru (BLR),Pune (PNQ),IndiGo,06:00 AM,08:15 AM,2h 15m,Non-Stop,8316,11-29-2024
Bengaluru (BLR),Pune (PNQ),Air India,01:20 PM,12:35 AM,11h 15m,1 Stop,8629,11-29-2024
Bengaluru (BLR),Pune (PNQ),IndiGo,07:00 AM,09:15 AM,2h 15m,Non-Stop,8728,11-29-2024
Bengaluru (BLR),Pune (PNQ),Air India,06:00 PM,12:35 AM,6h 35m,1 Stop,8884,11-29-2024
Bengaluru (BLR),Pune (PNQ),IndiGo,02:00 AM,04:20 AM,2h 20m,Non-Stop,9046,11-29-2024
Bengaluru (BLR),Pune (PNQ),Air India,11:00 PM,01:25 AM,2h 25m,Non-Stop,9199,11-29-2024
Bengaluru (BLR),Pune (PNQ),Air India,09:40 AM,02:50 PM,5h 10m,1 Stop,9227,11-29-2024
Bengaluru (BLR),Pune (PNQ),Air India,09:40 AM,05:10 PM,7h 30m,1 Stop,9227,11-29-2024
Bengaluru (BLR),Pune (PNQ),Air India,07:10 AM,02:50 PM,7h 40m,1 Stop,9227,11-29-2024
Bengaluru (BLR),Pune (PNQ),Air India,09:50 PM,07:50 AM,10h,1 Stop,9227,11-29-2024
Bengaluru (BLR),Pune (PNQ),Air India,07:10 AM,05:10 PM,10h,1 Stop,9227,11-29-2024
Bengaluru (BLR),Pune (PNQ),Air India,09:50 PM,07:50 AM,10h,1 Stop,9227,11-29-2024
Bengaluru (BLR),Pune (PNQ),Air India,01:20 PM,07:00 PM,5h 40m,1 Stop,9250,11-29-2024
Bengaluru (BLR),Pune (PNQ),Air India,10:20 AM,02:50 PM,4h 30m,1 Stop,9372,11-29-2024
Bengaluru (BLR),Pune (PNQ),Air India,10:20 AM,05:10 PM,6h 50m,1 Stop,9372,11-29-2024
Bengaluru (BLR),Pune (PNQ),Air India,06:00 PM,09:40 AM,15h 40m,1 Stop,9398,11-29-2024
Bengaluru (BLR),Pune (PNQ),Air India,07:10 AM,01:50 PM,6h 40m,1 Stop,9410,11-29-2024
Bengaluru (BLR),Pune (PNQ),Air India,02:45 PM,12:05 AM,9h 20m,1 Stop,9410,11-29-2024
Bengaluru (BLR),Pune (PNQ),Air India,06:30 AM,11:20 AM,4h 50m,1 Stop,9420,11-29-2024
Bengaluru (BLR),Pune (PNQ),Air India,06:30 AM,01:50 PM,7h 20m,1 Stop,9420,11-29-2024
Bengaluru (BLR),Pune (PNQ),Air India,06:30 AM,02:50 PM,8h 20m,1 Stop,9420,11-29-2024
Bengaluru (BLR),Pune (PNQ),Air India,06:30 AM,05:10 PM,10h 40m,1 Stop,9420,11-29-2024
Bengaluru (BLR),Pune (PNQ),Air India,04:15 PM,12:35 AM,8h 20m,1 Stop,9640,11-29-2024
Bengaluru (BLR),Pune (PNQ),IndiGo,05:00 AM,07:20 AM,2h 20m,Non-Stop,9845,11-29-2024
Bengaluru (BLR),Pune (PNQ),Air India Express,09:10 PM,11:35 PM,2h 25m,Non-Stop,9941,11-29-2024
Bengaluru (BLR),Pune (PNQ),IndiGo,05:00 AM,09:55 AM,4h 55m,1 Stop,10106,11-29-2024
Bengaluru (BLR),Pune (PNQ),IndiGo,06:30 PM,11:10 PM,4h 40m,1 Stop,10219,11-29-2024
Bengaluru (BLR),Pune (PNQ),IndiGo,07:10 AM,12:25 PM,5h 15m,1 Stop,10219,11-29-2024
Bengaluru (BLR),Pune (PNQ),IndiGo,11:50 AM,02:10 PM,2h 20m,Non-Stop,10719,11-29-2024
Bengaluru (BLR),Pune (PNQ),IndiGo,04:00 AM,06:20 AM,2h 20m,Non-Stop,10719,11-29-2024
Bengaluru (BLR),Pune (PNQ),Akasa Air,10:40 AM,01:05 PM,2h 25m,Non-Stop,10719,11-29-2024
Bengaluru (BLR),Pune (PNQ),Air India,04:15 PM,11:25 PM,7h 10m,1 Stop,10743,11-29-2024
Bengaluru (BLR),Pune (PNQ),Air India,12:25 PM,05:10 PM,4h 45m,1 Stop,10925,11-29-2024
Bengaluru (BLR),Pune (PNQ),Akasa Air,08:30 AM,10:50 AM,2h 20m,Non-Stop,11132,11-29-2024
Bengaluru (BLR),Pune (PNQ),Air India,07:00 AM,09:15 AM,2h 15m,Non-Stop,11299,11-29-2024
Bengaluru (BLR),Pune (PNQ),Air India,05:45 AM,08:00 AM,2h 15m,Non-Stop,11299,11-29-2024
Bengaluru (BLR),Pune (PNQ),Air India,07:30 AM,09:35 AM,2h 5m,Non-Stop,11472,11-29-2024
Bengaluru (BLR),Pune (PNQ),IndiGo,08:00 AM,10:20 AM,2h 20m,Non-Stop,11673,11-29-2024
Bengaluru (BLR),Pune (PNQ),IndiGo,02:00 PM,04:20 PM,2h 20m,Non-Stop,11673,11-29-2024
From City,To City,Airline,Departure,Arrival,Duration,Number of Stops,Price
Mumbai (BOM),Gwalior (GWL),Air India,05:45 AM,08:00 AM,2h 15m,Non-Stop,7099
Mumbai (BOM),Gwalior (GWL),Air India,09:20 PM,12:35 AM,27h 15m,1 Stop,7189
Mumbai (BOM),Gwalior (GWL),Air India,09:55 PM,12:20 AM,2h 25m,Non-Stop,7230
Mumbai (BOM),Gwalior (GWL),Air India,07:00 PM,09:15 PM,2h 15m,Non-Stop,7425
Mumbai (BOM),Gwalior (GWL),IndiGo,04:40 AM,09:50 AM,5h 10m,1 Stop,7827
Mumbai (BOM),Gwalior (GWL),Air India Express,09:10 PM,11:35 PM,2h 25m,Non-Stop,8000
Mumbai (BOM),Gwalior (GWL),IndiGo,05:00 AM,07:20 AM,2h 20m,Non-Stop,8316
Mumbai (BOM),Gwalior (GWL),Air India,09:20 PM,07:00 PM,21h 40m,1 Stop,8703
Mumbai (BOM),Gwalior (GWL),Akasa Air,04:00 PM,06:20 PM,2h 20m,Non-Stop,8812
Mumbai (BOM),Gwalior (GWL),IndiGo,04:00 PM,06:20 PM,2h 20m,Non-Stop,9046
Mumbai (BOM),Gwalior (GWL),Air India,04:50 PM,07:05 PM,2h 15m,Non-Stop,9199
Mumbai (BOM),Gwalior (GWL),Air India,03:30 PM,05:45 PM,2h 15m,Non-Stop,9199
Mumbai (BOM),Gwalior (GWL),Air India,07:00 AM,09:15 AM,2h 15m,Non-Stop,9199
Mumbai (BOM),Gwalior (GWL),Air India,10:00 PM,12:15 AM,2h 15m,Non-Stop,9199
Mumbai (BOM),Gwalior (GWL),Air India,02:30 AM,04:45 AM,2h 15m,Non-Stop,9199
Mumbai (BOM),Gwalior (GWL),Air India,02:15 AM,04:40 AM,2h 25m,Non-Stop,9199
Mumbai (BOM),Gwalior (GWL),Air India,10:30 PM,12:55 AM,2h 25m,Non-Stop,9199
Mumbai (BOM),Gwalior (GWL),Air India,10:20 AM,02:50 PM,4h 30m,1 Stop,9227
Mumbai (BOM),Gwalior (GWL),Air India,07:30 AM,09:45 AM,2h 15m,Non-Stop,9372
Mumbai (BOM),Gwalior (GWL),Air India,10:20 AM,11:10 PM,12h 50m,1 Stop,9410
Mumbai (BOM),Gwalior (GWL),Akasa Air,08:30 AM,10:50 AM,2h 20m,Non-Stop,9526
Mumbai (BOM),Gwalior (GWL),IndiGo,04:45 AM,09:45 AM,5h,1 Stop,9559
Mumbai (BOM),Gwalior (GWL),Air India Express,09:40 PM,02:50 AM,5h 10m,1 Stop,9722
Mumbai (BOM),Gwalior (GWL),IndiGo,11:55 PM,02:15 AM,2h 20m,Non-Stop,9845
Mumbai (BOM),Gwalior (GWL),Air India,09:40 AM,07:05 PM,9h 25m,1 Stop,10069
Mumbai (BOM),Gwalior (GWL),IndiGo,07:55 PM,01:05 AM,5h 10m,1 Stop,10206
Mumbai (BOM),Gwalior (GWL),Air India,09:40 AM,11:10 PM,13h 30m,1 Stop,10269
Mumbai (BOM),Gwalior (GWL),Air India,02:45 PM,07:30 PM,4h 45m,1 Stop,10284
Mumbai (BOM),Gwalior (GWL),Air India,05:55 AM,02:20 PM,8h 25m,1 Stop,10699
Mumbai (BOM),Gwalior (GWL),IndiGo,06:00 AM,08:15 AM,2h 15m,Non-Stop,10719
Mumbai (BOM),Gwalior (GWL),IndiGo,08:00 AM,10:20 AM,2h 20m,Non-Stop,10719
Mumbai (BOM),Gwalior (GWL),IndiGo,03:00 PM,05:20 PM,2h 20m,Non-Stop,10719
Mumbai (BOM),Gwalior (GWL),IndiGo,04:00 AM,06:20 AM,2h 20m,Non-Stop,10719
Mumbai (BOM),Gwalior (GWL),IndiGo,10:00 PM,12:25 AM,2h 25m,Non-Stop,10719
Mumbai (BOM),Gwalior (GWL),Air India,09:30 PM,11:40 PM,2h 10m,Non-Stop,10774
Mumbai (BOM),Gwalior (GWL),Air India,06:30 PM,08:45 PM,2h 15m,Non-Stop,10774
Mumbai (BOM),Gwalior (GWL),Air India,02:20 PM,04:35 PM,2h 15m,Non-Stop,10774
Mumbai (BOM),Gwalior (GWL),Air India,08:00 AM,10:20 AM,2h 20m,Non-Stop,10774
Mumbai (BOM),Gwalior (GWL),Air India,09:00 AM,11:25 AM,2h 25m,Non-Stop,10774
Mumbai (BOM),Gwalior (GWL),Air India,08:00 PM,10:25 PM,2h 25m,Non-Stop,10774
Mumbai (BOM),Gwalior (GWL),Air India,02:55 PM,05:20 PM,2h 25m,Non-Stop,10774
Mumbai (BOM),Gwalior (GWL),Air India,08:35 PM,11:05 PM,2h 30m,Non-Stop,10774
Mumbai (BOM),Gwalior (GWL),IndiGo,07:05 AM,12:15 PM,5h 10m,1 Stop,10888
Mumbai (BOM),Gwalior (GWL),Air India,07:45 PM,10:00 PM,2h 15m,Non-Stop,10979
Mumbai (BOM),Gwalior (GWL),Air India,07:10 PM,09:35 PM,2h 25m,Non-Stop,10979
Mumbai (BOM),Gwalior (GWL),IndiGo,07:00 AM,09:15 AM,2h 15m,Non-Stop,11055
Mumbai (BOM),Gwalior (GWL),IndiGo,07:00 PM,09:35 PM,2h 35m,Non-Stop,11055
Mumbai (BOM),Gwalior (GWL),IndiGo,06:20 PM,10:25 PM,4h 5m,1 Stop,11173
Mumbai (BOM),Gwalior (GWL),Air India,05:45 PM,08:00 PM,2h 15m,Non-Stop,11182
Mumbai (BOM),Gwalior (GWL),Air India,10:20 AM,07:30 PM,9h 10m,1 Stop,11309
Mumbai (BOM),Gwalior (GWL),Air India,09:40 AM,07:30 PM,9h 50m,1 Stop,11309
Mumbai (BOM),Gwalior (GWL),Air India,07:10 AM,07:30 PM,12h 20m,1 Stop,11309
Mumbai (BOM),Gwalior (GWL),Air India,07:20 AM,07:30 PM,12h 10m,1 Stop,11326
Mumbai (BOM),Gwalior (GWL),IndiGo,02:00 PM,04:20 PM,2h 20m,Non-Stop,11673
Mumbai (BOM),Gwalior (GWL),IndiGo,05:00 PM,07:20 PM,2h 20m,Non-Stop,11673
Mumbai (BOM),Gwalior (GWL),IndiGo,09:00 PM,11:25 PM,2h 25m,Non-Stop,11673
Mumbai (BOM),Gwalior (GWL),IndiGo,08:00 PM,10:30 PM,2h 30m,Non-Stop,11673
Mumbai (BOM),Gwalior (GWL),SpiceJet,10:00 PM,12:10 AM,2h 10m,Non-Stop,11747
Mumbai (BOM),Gwalior (GWL),SpiceJet,06:55 PM,09:15 PM,2h 20m,Non-Stop,11747
Mumbai (BOM),Gwalior (GWL),IndiGo,10:00 AM,12:20 PM,2h 20m,Non-Stop,11968
Mumbai (BOM),Gwalior (GWL),IndiGo,06:00 PM,08:20 PM,2h 20m,Non-Stop,11968
Mumbai (BOM),Gwalior (GWL),IndiGo,05:00 AM,09:55 AM,4h 55m,1 Stop,12014
Mumbai (BOM),Gwalior (GWL),Air India Express,01:15 PM,01:55 AM,12h 40m,1 Stop,12016
Mumbai (BOM),Gwalior (GWL),IndiGo,07:55 PM,12:10 AM,4h 15m,1 Stop,12089
Mumbai (BOM),Gwalior (GWL),Air India,04:15 PM,11:25 PM,7h 10m,1 Stop,12225
Mumbai (BOM),Gwalior (GWL),Air India Express,05:00 AM,11:35 AM,6h 35m,1 Stop,12248
Mumbai (BOM),Gwalior (GWL),IndiGo,09:00 AM,11:20 AM,2h 20m,Non-Stop,12717
Mumbai (BOM),Gwalior (GWL),Air India,02:10 PM,04:20 PM,2h 10m,Non-Stop,12938
Mumbai (BOM),Gwalior (GWL),Air India,09:00 AM,11:10 AM,2h 10m,Non-Stop,12938
Mumbai (BOM),Gwalior (GWL),Air India,09:30 AM,11:40 AM,2h 10m,Non-Stop,12938
Mumbai (BOM),Gwalior (GWL),Air India,05:15 PM,07:35 PM,2h 20m,Non-Stop,12938
Mumbai (BOM),Gwalior (GWL),IndiGo,01:00 PM,03:20 PM,2h 20m,Non-Stop,12961
Mumbai (BOM),Gwalior (GWL),IndiGo,07:40 PM,01:10 AM,5h 30m,1 Stop,13132
Mumbai (BOM),Gwalior (GWL),Air India Express,04:15 AM,02:55 PM,10h 40m,1 Stop,13168
Mumbai (BOM),Gwalior (GWL),IndiGo,01:15 PM,06:40 PM,5h 25m,1 Stop,13396
Mumbai (BOM),Gwalior (GWL),IndiGo,09:10 PM,01:05 AM,3h 55m,1 Stop,13470
Mumbai (BOM),Gwalior (GWL),IndiGo,02:00 AM,04:20 AM,2h 20m,Non-Stop,13858
Mumbai (BOM),Gwalior (GWL),IndiGo,11:50 AM,02:10 PM,2h 20m,Non-Stop,13858
Mumbai (BOM),Gwalior (GWL),Air India,01:55 PM,06:15 PM,4h 20m,1 Stop,14074
Mumbai (BOM),Gwalior (GWL),Air India,12:25 PM,06:25 PM,6h,1 Stop,15272
Mumbai (BOM),Gwalior (GWL),IndiGo,04:00 PM,08:10 PM,4h 10m,1 Stop,15416
Mumbai (BOM),Gwalior (GWL),Air India Express,03:10 PM,09:45 PM,6h 35m,1 Stop,15554
Mumbai (BOM),Gwalior (GWL),IndiGo,10:10 AM,02:55 PM,4h 45m,1 Stop,15771
Mumbai (BOM),Gwalior (GWL),IndiGo,03:40 PM,08:15 PM,4h 35m,1 Stop,16021
Mumbai (BOM),Gwalior (GWL),Air India,11:40 AM,01:50 PM,2h 10m,Non-Stop,16245
Mumbai (BOM),Gwalior (GWL),Air India,12:45 PM,03:00 PM,2h 15m,Non-Stop,16245
Mumbai (BOM),Gwalior (GWL),Air India,10:15 AM,12:35 PM,2h 20m,Non-Stop,16245
Mumbai (BOM),Gwalior (GWL),Air India,10:15 AM,12:40 PM,2h 25m,Non-Stop,16245
Mumbai (BOM),Gwalior (GWL),Air India,02:30 PM,06:15 PM,3h 45m,1 Stop,16245
Mumbai (BOM),Gwalior (GWL),Air India,05:45 PM,11:45 PM,6h,1 Stop,17073
Mumbai (BOM),Gwalior (GWL),Air India Express,02:05 PM,09:45 PM,7h 40m,1 Stop,17262
Mumbai (BOM),Gwalior (GWL),Air India Express,05:35 AM,05:30 PM,11h 55m,1 Stop,17559
Mumbai (BOM),Gwalior (GWL),IndiGo,12:55 PM,05:40 PM,4h 45m,1 Stop,17840
Mumbai (BOM),Gwalior (GWL),Air India,04:55 AM,11:10 AM,6h 15m,1 Stop,18432
Mumbai (BOM),Gwalior (GWL),Air India,12:25 PM,05:10 PM,4h 45m,1 Stop,19472
Mumbai (BOM),Gwalior (GWL),Air India,01:20 PM,06:05 PM,4h 45m,1 Stop,19677
Mumbai (BOM),Gwalior (GWL),Air India Express,11:00 AM,08:00 PM,9h,1 Stop,19989
Mumbai (BOM),Gwalior (GWL),Air India,04:05 PM,10:40 PM,6h 35m,1 Stop,20513
Mumbai (BOM),Gwalior (GWL),Air India,11:10 AM,04:55 PM,5h 45m,1 Stop,20833
Mumbai (BOM),Gwalior (GWL),Akasa Air,10:40 AM,01:05 PM,2h 25m,Non-Stop,20970
Mumbai (BOM),Gwalior (GWL),IndiGo,05:45 AM,10:15 AM,4h 30m,1 Stop,21176
Mumbai (BOM),Gwalior (GWL),Air India,11:00 AM,03:35 PM,4h 35m,1 Stop,21435
Mumbai (BOM),Gwalior (GWL),Air India,05:30 PM,11:40 PM,6h 10m,1 Stop,23723
Mumbai (BOM),Gwalior (GWL),Air India,05:55 AM,11:25 AM,5h 30m,1 Stop,26596
Mumbai (BOM),Gwalior (GWL),IndiGo,01:25 PM,06:45 PM,5h 20m,1 Stop,27287
Mumbai (BOM),Gwalior (GWL),Air India,05:50 AM,11:15 AM,5h 25m,1 Stop,27601
Mumbai (BOM),Gwalior (GWL),SpiceJet,01:50 PM,01:15 PM,23h 25m,1 Stop,43851
Mumbai (BOM),Gwalior (GWL),Air India,10:40 AM,03:50 PM,5h 10m,1 Stop,48258
Delhi (DEL),Hyderabad (HYD),Air India,06:30 AM,12:35 AM,18h 5m,1 Stop,7189,11-29-2024
Delhi (DEL),Hyderabad (HYD),IndiGo,06:00 AM,08:15 AM,2h 15m,Non-Stop,8316,11-29-2024
Delhi (DEL),Hyderabad (HYD),Air India,01:20 PM,12:35 AM,11h 15m,1 Stop,8629,11-29-2024
Delhi (DEL),Hyderabad (HYD),Air India,11:00 PM,01:25 AM,2h 25m,Non-Stop,9199,11-29-2024
Delhi (DEL),Hyderabad (HYD),Air India,09:40 AM,02:50 PM,5h 10m,1 Stop,9227,11-29-2024
Delhi (DEL),Hyderabad (HYD),Air India,02:30 AM,07:50 AM,5h 20m,1 Stop,9227,11-29-2024
Delhi (DEL),Hyderabad (HYD),Air India,09:40 AM,05:10 PM,7h 30m,1 Stop,9227,11-29-2024
Delhi (DEL),Hyderabad (HYD),Air India,07:10 AM,02:50 PM,7h 40m,1 Stop,9227,11-29-2024
Delhi (DEL),Hyderabad (HYD),Air India,09:50 PM,07:50 AM,10h,1 Stop,9227,11-29-2024
Delhi (DEL),Hyderabad (HYD),Air India,07:10 AM,05:10 PM,10h,1 Stop,9227,11-29-2024
Delhi (DEL),Hyderabad (HYD),Air India,09:50 PM,07:50 AM,10h,1 Stop,9227,11-29-2024
Delhi (DEL),Hyderabad (HYD),Air India,01:20 PM,07:00 PM,5h 40m,1 Stop,9250,11-29-2024
Delhi (DEL),Hyderabad (HYD),Air India,10:20 AM,02:50 PM,4h 30m,1 Stop,9372,11-29-2024
Delhi (DEL),Hyderabad (HYD),Air India,10:20 AM,05:10 PM,6h 50m,1 Stop,9372,11-29-2024
Delhi (DEL),Hyderabad (HYD),Air India,06:00 PM,09:40 AM,15h 40m,1 Stop,9398,11-29-2024
Delhi (DEL),Hyderabad (HYD),Air India,07:10 AM,01:50 PM,6h 40m,1 Stop,9410,11-29-2024
Delhi (DEL),Hyderabad (HYD),Air India,06:30 AM,11:20 AM,4h 50m,1 Stop,9420,11-29-2024
Delhi (DEL),Hyderabad (HYD),Air India,06:30 AM,01:50 PM,7h 20m,1 Stop,9420,11-29-2024
Delhi (DEL),Hyderabad (HYD),Air India,06:30 AM,02:50 PM,8h 20m,1 Stop,9420,11-29-2024
Delhi (DEL),Hyderabad (HYD),IndiGo,07:00 AM,09:15 AM,2h 15m,Non-Stop,9440,11-29-2024
Delhi (DEL),Mumbai (BOM),Air India,04:15 PM,12:35 AM,8h 20m,1 Stop,9640,11-29-2024
Delhi (DEL),Mumbai (BOM),IndiGo,02:00 AM,04:20 AM,2h 20m,Non-Stop,9845,11-29-2024
Delhi (DEL),Mumbai (BOM),IndiGo,09:00 PM,11:25 PM,2h 25m,Non-Stop,9845,11-29-2024
Delhi (DEL),Mumbai (BOM),Air India Express,09:10 PM,11:35 PM,2h 25m,Non-Stop,9941,11-29-2024
Delhi (DEL),Mumbai (BOM),IndiGo,05:00 AM,09:55 AM,4h 55m,1 Stop,10106,11-29-2024
Delhi (DEL),Mumbai (BOM),IndiGo,06:30 PM,11:10 PM,4h 40m,1 Stop,10219,11-29-2024
Delhi (DEL),Mumbai (BOM),IndiGo,07:10 AM,12:25 PM,5h 15m,1 Stop,10219,11-29-2024
Delhi (DEL),Mumbai (BOM),Air India,02:45 PM,12:05 AM,9h 20m,1 Stop,10269,11-29-2024
Delhi (DEL),Mumbai (BOM),IndiGo,05:00 AM,07:20 AM,2h 20m,Non-Stop,10719,11-29-2024
Delhi (DEL),Mumbai (BOM),IndiGo,04:00 AM,06:20 AM,2h 20m,Non-Stop,10719,11-29-2024
Delhi (DEL),Mumbai (BOM),Akasa Air,10:40 AM,01:05 PM,2h 25m,Non-Stop,10719,11-29-2024
Delhi (DEL),Mumbai (BOM),Air India,04:15 PM,11:25 PM,7h 10m,1 Stop,10743,11-29-2024
Delhi (DEL),Mumbai (BOM),Akasa Air,08:30 AM,10:50 AM,2h 20m,Non-Stop,11132,11-29-2024
Delhi (DEL),Mumbai (BOM),Air India,07:00 AM,09:15 AM,2h 15m,Non-Stop,11299,11-29-2024
Delhi (DEL),Mumbai (BOM),Air India,05:45 AM,08:00 AM,2h 15m,Non-Stop,11299,11-29-2024
Delhi (DEL),Mumbai (BOM),Air India,07:30 AM,09:35 AM,2h 5m,Non-Stop,11472,11-29-2024
Delhi (DEL),Mumbai (BOM),IndiGo,11:50 AM,02:10 PM,2h 20m,Non-Stop,11673,11-29-2024
Delhi (DEL),Mumbai (BOM),IndiGo,08:00 AM,10:20 AM,2h 20m,Non-Stop,11673,11-29-2024
Delhi (DEL),Mumbai (BOM),IndiGo,02:00 PM,04:20 PM,2h 20m,Non-Stop,11673,11-29-2024
Delhi (DEL),Mumbai (BOM),IndiGo,10:00 PM,12:25 AM,2h 25m,Non-Stop,11673,11-29-2024
Mumbai (BOM),Bengaluru (BLR),SpiceJet,10:00 PM,12:10 AM,2h 10m,Non-Stop,11747,11-29-2024
Mumbai (BOM),Bengaluru (BLR),IndiGo,06:00 PM,08:20 PM,2h 20m,Non-Stop,11968,11-29-2024
Mumbai (BOM),Bengaluru (BLR),IndiGo,10:00 AM,12:20 PM,2h 20m,Non-Stop,11968,11-29-2024
Mumbai (BOM),Bengaluru (BLR),IndiGo,07:05 AM,12:15 PM,5h 10m,1 Stop,12235,11-29-2024
Mumbai (BOM),Bengaluru (BLR),IndiGo,09:10 PM,01:05 AM,3h 55m,1 Stop,12277,11-29-2024
Mumbai (BOM),Bengaluru (BLR),Air India,12:25 PM,05:10 PM,4h 45m,1 Stop,12332,11-29-2024
Mumbai (BOM),Bengaluru (BLR),Akasa Air,04:00 PM,06:20 PM,2h 20m,Non-Stop,12501,11-29-2024
Mumbai (BOM),Bengaluru (BLR),IndiGo,07:55 PM,12:10 AM,4h 15m,1 Stop,12644,11-29-2024
Mumbai (BOM),Bengaluru (BLR),IndiGo,03:00 PM,05:20 PM,2h 20m,Non-Stop,12717,11-29-2024
Mumbai (BOM),Bengaluru (BLR),IndiGo,04:00 PM,06:20 PM,2h 20m,Non-Stop,12717,11-29-2024
Mumbai (BOM),Bengaluru (BLR),IndiGo,09:00 AM,11:20 AM,2h 20m,Non-Stop,12717,11-29-2024
Mumbai (BOM),Bengaluru (BLR),IndiGo,05:00 PM,07:20 PM,2h 20m,Non-Stop,12717,11-29-2024
Mumbai (BOM),Bengaluru (BLR),IndiGo,11:55 PM,02:15 AM,2h 20m,Non-Stop,12717,11-29-2024
Mumbai (BOM),Bengaluru (BLR),IndiGo,08:00 PM,10:30 PM,2h 30m,Non-Stop,12717,11-29-2024
Mumbai (BOM),Bengaluru (BLR),IndiGo,06:20 PM,10:25 PM,4h 5m,1 Stop,12853,11-29-2024
Mumbai (BOM),Bengaluru (BLR),Air India,08:30 AM,10:40 AM,2h 10m,Non-Stop,12874,11-29-2024
Mumbai (BOM),Bengaluru (BLR),Air India,09:00 AM,11:10 AM,2h 10m,Non-Stop,12874,11-29-2024
Mumbai (BOM),Bengaluru (BLR),Air India,09:00 PM,11:20 PM,2h 20m,Non-Stop,12874,11-29-2024
Mumbai (BOM),Bengaluru (BLR),Air India,08:00 AM,10:20 AM,2h 20m,Non-Stop,12874,11-29-2024
Mumbai (BOM),Bengaluru (BLR),Air India,08:00 PM,10:25 PM,2h 25m,Non-Stop,12874,11-29-2024
Mumbai (BOM),Bengaluru (BLR),Air India,02:55 PM,05:20 PM,2h 25m,Non-Stop,12874,11-29-2024
Mumbai (BOM),Bengaluru (BLR),Air India,08:30 PM,11:05 PM,2h 35m,Non-Stop,12874,11-29-2024
Mumbai (BOM),Bengaluru (BLR),Air India,02:30 PM,06:15 PM,3h 45m,1 Stop,12874,11-29-2024
Mumbai (BOM),Bengaluru (BLR),IndiGo,01:00 PM,03:20 PM,2h 20m,Non-Stop,12961,11-29-2024
Mumbai (BOM),Bengaluru (BLR),Air India,07:30 PM,10:00 PM,2h 30m,Non-Stop,13079,11-29-2024
Mumbai (BOM),Bengaluru (BLR),Air India Express,05:00 AM,11:35 AM,6h 35m,1 Stop,13168,11-29-2024
Mumbai (BOM),Bengaluru (BLR),Air India,02:10 PM,04:20 PM,2h 10m,Non-Stop,13384,11-29-2024
Mumbai (BOM),Bengaluru (BLR),Air India,04:50 PM,07:05 PM,2h 15m,Non-Stop,13384,11-29-2024
Mumbai (BOM),Bengaluru (BLR),Air India,07:00 PM,09:15 PM,2h 15m,Non-Stop,13384,11-29-2024
Mumbai (BOM),Bengaluru (BLR),Air India,03:30 PM,05:45 PM,2h 15m,Non-Stop,13384,11-29-2024
Mumbai (BOM),Bengaluru (BLR),Air India,02:20 PM,04:35 PM,2h 15m,Non-Stop,13384,11-29-2024
Mumbai (BOM),Bengaluru (BLR),Air India,05:15 PM,07:35 PM,2h 20m,Non-Stop,13384,11-29-2024
Mumbai (BOM),Bengaluru (BLR),IndiGo,07:00 PM,09:35 PM,2h 35m,Non-Stop,14039,11-29-2024
Mumbai (BOM),Bengaluru (BLR),Air India,05:55 AM,02:20 PM,8h 25m,1 Stop,14390,11-29-2024
Mumbai (BOM),Bengaluru (BLR),Air India,01:55 PM,06:15 PM,4h 20m,1 Stop,14471,11-29-2024
Mumbai (BOM),Bengaluru (BLR),IndiGo,03:40 PM,08:15 PM,4h 35m,1 Stop,14672,11-29-2024
Mumbai (BOM),Bengaluru (BLR),IndiGo,10:10 AM,02:55 PM,4h 45m,1 Stop,14672,11-29-2024
Mumbai (BOM),Bengaluru (BLR),IndiGo,01:15 PM,06:40 PM,5h 25m,1 Stop,14672,11-29-2024
Mumbai (BOM),Bengaluru (BLR),Air India,11:10 AM,04:55 PM,5h 45m,1 Stop,14967,11-29-2024
Mumbai (BOM),Bengaluru (BLR),Air India,09:30 AM,11:40 AM,2h 10m,Non-Stop,15038,11-29-2024
Mumbai (BOM),Chennai (MAA),IndiGo,05:00 AM,09:55 AM,4h 55m,1 Stop,10106,12-05-2024
Mumbai (BOM),Chennai (MAA),IndiGo,06:30 PM,11:10 PM,4h 40m,1 Stop,10219,12-05-2024
Mumbai (BOM),Chennai (MAA),IndiGo,07:10 AM,12:25 PM,5h 15m,1 Stop,10219,12-05-2024
Mumbai (BOM),Chennai (MAA),Air India,02:45 PM,12:05 AM,9h 20m,1 Stop,10269,12-05-2024
Mumbai (BOM),Chennai (MAA),IndiGo,05:00 AM,07:20 AM,2h 20m,Non-Stop,10719,12-05-2024
Mumbai (BOM),Chennai (MAA),IndiGo,04:00 AM,06:20 AM,2h 20m,Non-Stop,10719,12-05-2024
Mumbai (BOM),Chennai (MAA),Akasa Air,10:40 AM,01:05 PM,2h 25m,Non-Stop,10719,12-05-2024
Mumbai (BOM),Chennai (MAA),Air India,04:15 PM,11:25 PM,7h 10m,1 Stop,10743,12-05-2024
Mumbai (BOM),Chennai (MAA),Akasa Air,08:30 AM,10:50 AM,2h 20m,Non-Stop,11132,12-05-2024
Mumbai (BOM),Chennai (MAA),Air India,07:00 AM,09:15 AM,2h 15m,Non-Stop,11299,12-05-2024
Mumbai (BOM),Chennai (MAA),Air India,05:45 AM,08:00 AM,2h 15m,Non-Stop,11299,12-05-2024
Mumbai (BOM),Chennai (MAA),Air India,07:30 AM,09:35 AM,2h 5m,Non-Stop,11472,12-05-2024
Mumbai (BOM),Chennai (MAA),IndiGo,11:50 AM,02:10 PM,2h 20m,Non-Stop,11673,12-05-2024
Mumbai (BOM),Chennai (MAA),IndiGo,08:00 AM,10:20 AM,2h 20m,Non-Stop,11673,12-05-2024
Mumbai (BOM),Chennai (MAA),IndiGo,02:00 PM,04:20 PM,2h 20m,Non-Stop,11673,12-05-2024
Delhi (DEL),Hyderabad (HYD),Air India,2024-12-23,01:20 PM,12:35 AM,11h 15m,1 Stop,7189
Delhi (DEL),Hyderabad (HYD),Air India Express,2024-12-23,09:10 PM,11:35 PM,2h 25m,Non-Stop,8000
Delhi (DEL),Hyderabad (HYD),Air India,2024-12-23,07:45 PM,09:40 AM,13h 55m,1 Stop,8428
Delhi (DEL),Hyderabad (HYD),IndiGo,2024-12-23,11:55 PM,02:15 AM,2h 20m,Non-Stop,9046
Delhi (DEL),Hyderabad (HYD),IndiGo,2024-12-23,05:00 AM,07:20 AM,2h 20m,Non-Stop,9046
Delhi (DEL),Hyderabad (HYD),Air India,2024-12-23,06:00 PM,09:40 AM,15h 40m,1 Stop,9143
Delhi (DEL),Hyderabad (HYD),Air India,2024-12-23,10:00 PM,12:15 AM,2h 15m,Non-Stop,9199
Delhi (DEL),Hyderabad (HYD),Air India,2024-12-23,05:45 AM,08:00 AM,2h 15m,Non-Stop,9199
Delhi (DEL),Hyderabad (HYD),Air India,2024-12-23,02:15 AM,04:40 AM,2h 25m,Non-Stop,9199
Delhi (DEL),Hyderabad (HYD),Air India,2024-12-23,10:30 PM,12:55 AM,2h 25m,Non-Stop,9199
Delhi (DEL),Hyderabad (HYD),Air India,2024-12-23,10:20 AM,02:50 PM,4h 30m,1 Stop,9227
Delhi (DEL),Hyderabad (HYD),Air India,2024-12-23,10:20 AM,03:05 PM,4h 45m,1 Stop,9227
Delhi (DEL),Hyderabad (HYD),Air India,2024-12-23,10:20 AM,11:55 PM,13h 35m,1 Stop,9227
Delhi (DEL),Hyderabad (HYD),IndiGo,2024-12-23,06:55 AM,11:25 AM,4h 30m,1 Stop,9346
Delhi (DEL),Hyderabad (HYD),IndiGo,2024-12-23,04:40 AM,09:50 AM,5h 10m,1 Stop,9346
Delhi (DEL),Hyderabad (HYD),IndiGo,2024-12-23,04:50 PM,10:20 PM,5h 30m,1 Stop,9346
Delhi (DEL),Hyderabad (HYD),Air India,2024-12-23,10:20 AM,07:30 PM,9h 10m,1 Stop,9410
Delhi (DEL),Hyderabad (HYD),Air India,2024-12-23,07:10 AM,07:30 PM,12h 20m,1 Stop,9410
Delhi (DEL),Hyderabad (HYD),Air India,2024-12-23,10:20 AM,11:10 PM,12h 50m,1 Stop,9410
Delhi (DEL),Hyderabad (HYD),Air India,2024-12-23,02:45 PM,07:30 PM,4h 45m,1 Stop,9420
Delhi (DEL),Hyderabad (HYD),Air India,2024-12-23,02:45 PM,11:10 PM,8h 25m,1 Stop,9420
Delhi (DEL),Hyderabad (HYD),Air India,2024-12-23,02:45 PM,11:55 PM,9h 10m,1 Stop,9420
Delhi (DEL),Hyderabad (HYD),IndiGo,2024-12-23,10:15 PM,02:25 AM,4h 10m,1 Stop,9456
Delhi (DEL),Hyderabad (HYD),SpiceJet,2024-12-23,06:55 PM,09:15 PM,2h 20m,Non-Stop,9751
Delhi (DEL),Hyderabad (HYD),IndiGo,2024-12-23,06:00 AM,08:15 AM,2h 15m,Non-Stop,9845
Delhi (DEL),Hyderabad (HYD),IndiGo,2024-12-23,10:00 PM,12:25 AM,2h 25m,Non-Stop,9845
Delhi (DEL),Hyderabad (HYD),IndiGo,2024-12-23,07:55 PM,01:05 AM,5h 10m,1 Stop,10206
Delhi (DEL),Hyderabad (HYD),Air India,2024-12-23,07:20 AM,07:30 PM,12h 10m,1 Stop,10284
Delhi (DEL),Hyderabad (HYD),Akasa Air,2024-12-23,04:00 PM,06:20 PM,2h 20m,Non-Stop,10295
Delhi (DEL),Hyderabad (HYD),IndiGo,2024-12-23,04:45 AM,09:45 AM,5h,1 Stop,10341
Delhi (DEL),Hyderabad (HYD),Akasa Air,2024-12-23,08:30 AM,10:50 AM,2h 20m,Non-Stop,10719
Delhi (DEL),Hyderabad (HYD),IndiGo,2024-12-23,04:00 PM,06:20 PM,2h 20m,Non-Stop,10719
Delhi (DEL),Hyderabad (HYD),IndiGo,2024-12-23,04:00 AM,06:20 AM,2h 20m,Non-Stop,10719
Delhi (DEL),Hyderabad (HYD),Air India,2024-12-23,09:30 PM,11:40 PM,2h 10m,Non-Stop,10774
Delhi (DEL),Hyderabad (HYD),Air India,2024-12-23,04:50 PM,07:05 PM,2h 15m,Non-Stop,10774
Delhi (DEL),Hyderabad (HYD),Air India,2024-12-23,03:30 PM,05:45 PM,2h 15m,Non-Stop,10774
Delhi (DEL),Hyderabad (HYD),Air India,2024-12-23,07:00 AM,09:15 AM,2h 15m,Non-Stop,10774
Delhi (DEL),Hyderabad (HYD),Air India,2024-12-23,06:30 PM,08:45 PM,2h 15m,Non-Stop,10774
Delhi (DEL),Hyderabad (HYD),Air India,2024-12-23,02:30 AM,04:45 AM,2h 15m,Non-Stop,10774
Delhi (DEL),Hyderabad (HYD),Air India,2024-12-23,02:20 PM,04:35 PM,2h 15m,Non-Stop,10774
Delhi (DEL),Hyderabad (HYD),Air India,2024-12-23,08:00 AM,10:20 AM,2h 20m,Non-Stop,10774
Delhi (DEL),Hyderabad (HYD),Air India,2024-12-23,08:00 PM,10:25 PM,2h 25m,Non-Stop,10774
Delhi (DEL),Hyderabad (HYD),Air India,2024-12-23,02:55 PM,05:20 PM,2h 25m,Non-Stop,10774
Delhi (DEL),Hyderabad (HYD),Air India,2024-12-23,08:35 PM,11:05 PM,2h 30m,Non-Stop,10774
Delhi (DEL),Hyderabad (HYD),Air India Express,2024-12-23,09:40 PM,02:50 AM,5h 10m,1 Stop,10847
Delhi (DEL),Hyderabad (HYD),IndiGo,2024-12-23,07:05 AM,12:15 PM,5h 10m,1 Stop,10888
Delhi (DEL),Hyderabad (HYD),Air India,2024-12-23,05:55 AM,02:20 PM,8h 25m,1 Stop,10911
Delhi (DEL),Hyderabad (HYD),Air India,2024-12-23,07:45 PM,10:00 PM,2h 15m,Non-Stop,10979
Delhi (DEL),Hyderabad (HYD),Air India,2024-12-23,07:30 AM,09:45 AM,2h 15m,Non-Stop,10979
Delhi (DEL),Hyderabad (HYD),Air India,2024-12-23,09:55 PM,12:20 AM,2h 25m,Non-Stop,10979
Delhi (DEL),Hyderabad (HYD),Air India,2024-12-23,07:10 PM,09:35 PM,2h 25m,Non-Stop,10979
Delhi (DEL),Hyderabad (HYD),IndiGo,2024-12-23,07:00 AM,09:15 AM,2h 15m,Non-Stop,11055
Delhi (DEL),Hyderabad (HYD),IndiGo,2024-12-23,07:00 PM,09:35 PM,2h 35m,Non-Stop,11055
Delhi (DEL),Hyderabad (HYD),Air India,2024-12-23,05:45 PM,08:00 PM,2h 15m,Non-Stop,11182
Delhi (DEL),Hyderabad (HYD),Air India,2024-12-23,07:00 PM,09:15 PM,2h 15m,Non-Stop,11284
Delhi (DEL),Hyderabad (HYD),IndiGo,2024-12-23,06:20 PM,10:25 PM,4h 5m,1 Stop,11383
Delhi (DEL),Hyderabad (HYD),IndiGo,2024-12-23,05:00 PM,07:20 PM,2h 20m,Non-Stop,11673
Delhi (DEL),Hyderabad (HYD),IndiGo,2024-12-23,08:00 AM,10:20 AM,2h 20m,Non-Stop,11673
Delhi (DEL),Hyderabad (HYD),IndiGo,2024-12-23,03:00 PM,05:20 PM,2h 20m,Non-Stop,11673
Delhi (DEL),Hyderabad (HYD),IndiGo,2024-12-23,09:00 PM,11:25 PM,2h 25m,Non-Stop,11673
Delhi (DEL),Hyderabad (HYD),SpiceJet,2024-12-23,10:00 PM,12:10 AM,2h 10m,Non-Stop,11747
Delhi (DEL),Hyderabad (HYD),IndiGo,2024-12-23,10:00 AM,12:20 PM,2h 20m,Non-Stop,11968
Delhi (DEL),Hyderabad (HYD),IndiGo,2024-12-23,06:00 PM,08:20 PM,2h 20m,Non-Stop,11968
Delhi (DEL),Hyderabad (HYD),IndiGo,2024-12-23,05:00 AM,09:55 AM,4h 55m,1 Stop,12014
Delhi (DEL),Hyderabad (HYD),IndiGo,2024-12-23,07:55 PM,12:10 AM,4h 15m,1 Stop,12089
Delhi (DEL),Hyderabad (HYD),Air India,2024-12-23,04:15 PM,11:25 PM,7h 10m,1 Stop,12225
Delhi (DEL),Hyderabad (HYD),IndiGo,2024-12-23,07:10 AM,12:25 PM,5h 15m,1 Stop,12235
Delhi (DEL),Hyderabad (HYD),IndiGo,2024-12-23,02:00 PM,04:20 PM,2h 20m,Non-Stop,12717
Delhi (DEL),Hyderabad (HYD),IndiGo,2024-12-23,08:00 PM,10:30 PM,2h 30m,Non-Stop,12717
Delhi (DEL),Hyderabad (HYD),Air India Express,2024-12-23,05:00 AM,11:35 AM,6h 35m,1 Stop,12749
Delhi (DEL),Hyderabad (HYD),Air India,2024-12-23,02:10 PM,04:20 PM,2h 10m,Non-Stop,12938
Delhi (DEL),Hyderabad (HYD),Air India,2024-12-23,09:00 AM,11:10 AM,2h 10m,Non-Stop,12938
Delhi (DEL),Hyderabad (HYD),Air India,2024-12-23,09:30 AM,11:40 AM,2h 10m,Non-Stop,12938
Delhi (DEL),Hyderabad (HYD),Air India,2024-12-23,05:15 PM,07:35 PM,2h 20m,Non-Stop,12938
Delhi (DEL),Hyderabad (HYD),Air India,2024-12-23,09:00 AM,11:25 AM,2h 25m,Non-Stop,12938
Delhi (DEL),Hyderabad (HYD),IndiGo,2024-12-23,01:00 PM,03:20 PM,2h 20m,Non-Stop,12961
Delhi (DEL),Hyderabad (HYD),Air India Express,2024-12-23,04:15 AM,02:55 PM,10h 40m,1 Stop,13168
Delhi (DEL),Hyderabad (HYD),IndiGo,2024-12-23,07:40 PM,01:10 AM,5h 30m,1 Stop,13396
Delhi (DEL),Hyderabad (HYD),IndiGo,2024-12-23,09:10 PM,01:05 AM,3h 55m,1 Stop,13470
Delhi (DEL),Hyderabad (HYD),Air India,2024-12-23,12:25 PM,05:10 PM,4h 45m,1 Stop,13592
Delhi (DEL),Hyderabad (HYD),IndiGo,2024-12-23,02:00 AM,04:20 AM,2h 20m,Non-Stop,13858
Delhi (DEL),Hyderabad (HYD),IndiGo,2024-12-23,09:00 AM,11:20 AM,2h 20m,Non-Stop,13858
Delhi (DEL),Hyderabad (HYD),IndiGo,2024-12-23,11:50 AM,02:10 PM,2h 20m,Non-Stop,13858
Delhi (DEL),Hyderabad (HYD),IndiGo,2024-12-23,01:15 PM,06:40 PM,5h 25m,1 Stop,14672
Delhi (DEL),Hyderabad (HYD),Air India,2024-12-23,01:55 PM,06:15 PM,4h 20m,1 Stop,14709
Delhi (DEL),Hyderabad (HYD),IndiGo,2024-12-23,03:40 PM,08:15 PM,4h 35m,1 Stop,14771
Delhi (DEL),Hyderabad (HYD),IndiGo,2024-12-23,04:00 PM,08:10 PM,4h 10m,1 Stop,15416
Delhi (DEL),Hyderabad (HYD),Air India,2024-12-23,01:20 PM,06:05 PM,4h 45m,1 Stop,15897
Delhi (DEL),Hyderabad (HYD),Air India,2024-12-23,11:40 AM,01:50 PM,2h 10m,Non-Stop,16245
Delhi (DEL),Hyderabad (HYD),Air India,2024-12-23,12:45 PM,03:00 PM,2h 15m,Non-Stop,16245
Delhi (DEL),Hyderabad (HYD),Air India,2024-12-23,10:15 AM,12:35 PM,2h 20m,Non-Stop,16245
Delhi (DEL),Hyderabad (HYD),Air India,2024-12-23,10:15 AM,12:40 PM,2h 25m,Non-Stop,16245
Delhi (DEL),Hyderabad (HYD),Air India,2024-12-23,02:30 PM,06:15 PM,3h 45m,1 Stop,16245
Delhi (DEL),Hyderabad (HYD),Air India,2024-12-23,11:10 AM,04:55 PM,5h 45m,1 Stop,16773
Delhi (DEL),Hyderabad (HYD),Air India,2024-12-23,05:45 PM,11:45 PM,6h,1 Stop,17073
Delhi (DEL),Hyderabad (HYD),Air India Express,2024-12-23,03:10 PM,09:45 PM,6h 35m,1 Stop,17227
Delhi (DEL),Hyderabad (HYD),Air India Express,2024-12-23,02:05 PM,09:45 PM,7h 40m,1 Stop,17227
Delhi (DEL),Hyderabad (HYD),IndiGo,2024-12-23,10:10 AM,02:55 PM,4h 45m,1 Stop,17617
Delhi (DEL),Hyderabad (HYD),Air India,2024-12-23,04:55 AM,11:10 AM,6h 15m,1 Stop,18432
Delhi (DEL),Hyderabad (HYD),Air India Express,2024-12-23,05:35 AM,05:30 PM,11h 55m,1 Stop,19133
Delhi (DEL),Hyderabad (HYD),IndiGo,2024-12-23,05:45 AM,10:15 AM,4h 30m,1 Stop,19312
Delhi (DEL),Hyderabad (HYD),Air India Express,2024-12-23,11:00 AM,08:00 PM,9h,1 Stop,19989
Delhi (DEL),Hyderabad (HYD),Akasa Air,2024-12-23,10:40 AM,01:05 PM,2h 25m,Non-Stop,20970
Delhi (DEL),Hyderabad (HYD),Air India,2024-12-23,04:05 PM,10:40 PM,6h 35m,1 Stop,21423
Delhi (DEL),Hyderabad (HYD),Air India,2024-12-23,11:00 AM,03:35 PM,4h 35m,1 Stop,21435
Delhi (DEL),Hyderabad (HYD),SpiceJet,2024-12-23,01:50 PM,01:15 PM,23h 25m,1 Stop,22327
Delhi (DEL),Hyderabad (HYD),IndiGo,2024-12-23,12:55 PM,05:40 PM,4h 45m,1 Stop,22458
Delhi (DEL),Hyderabad (HYD),Air India,2024-12-23,05:30 PM,11:40 PM,6h 10m,1 Stop,23723
Delhi (DEL),Hyderabad (HYD),Air India,2024-12-23,03:20 PM,11:20 PM,8h,1 Stop,25338
Delhi (DEL),Hyderabad (HYD),Air India Express,2024-12-23,01:15 PM,01:55 AM,12h 40m,1 Stop,26760
Delhi (DEL),Hyderabad (HYD),IndiGo,2024-12-23,01:25 PM,06:45 PM,5h 20m,1 Stop,27287
Delhi (DEL),Hyderabad (HYD),Air India,2024-12-23,05:50 AM,11:15 AM,5h 25m,1 Stop,27601
Delhi (DEL),Hyderabad (HYD),Air India,2024-12-23,05:55 AM,11:25 AM,5h 30m,1 Stop,33821
Delhi (DEL),Hyderabad (HYD),Air India,2024-12-23,10:40 AM,03:50 PM,5h 10m,1 Stop,48258
Delhi (DEL),Pune (PNQ),Air India,05:55 AM,02:20 PM,8h 25m,1 Stop,14390,11-30-2024
Delhi (DEL),Pune (PNQ),Air India,01:55 PM,06:15 PM,4h 20m,1 Stop,14471,11-30-2024
Delhi (DEL),Pune (PNQ),IndiGo,03:40 PM,08:15 PM,4h 35m,1 Stop,14672,11-30-2024
Delhi (DEL),Pune (PNQ),IndiGo,10:10 AM,02:55 PM,4h 45m,1 Stop,14672,11-30-2024
Delhi (DEL),Pune (PNQ),IndiGo,01:15 PM,06:40 PM,5h 25m,1 Stop,14672,11-30-2024
Delhi (DEL),Pune (PNQ),Air India,11:10 AM,04:55 PM,5h 45m,1 Stop,14967,11-30-2024
Delhi (DEL),Pune (PNQ),Air India,09:30 AM,11:40 AM,2h 10m,Non-Stop,15038,11-30-2024
Delhi (DEL),Pune (PNQ),Air India,05:45 PM,08:00 PM,2h 15m,Non-Stop,15509,11-30-2024
Delhi (DEL),Pune (PNQ),Air India,11:40 AM,01:50 PM,2h 10m,Non-Stop,15627,11-30-2024
Delhi (DEL),Pune (PNQ),Air India,12:45 PM,03:00 PM,2h 15m,Non-Stop,15627,11-30-2024
Delhi (DEL),Pune (PNQ),IndiGo,10:15 PM,02:25 AM,4h 10m,1 Stop,15677,11-30-2024
Delhi (DEL),Pune (PNQ),IndiGo,07:55 PM,01:05 AM,5h 10m,1 Stop,15677,11-30-2024
Delhi (DEL),Pune (PNQ),IndiGo,05:45 AM,10:15 AM,4h 30m,1 Stop,15957,11-30-2024
Delhi (DEL),Pune (PNQ),IndiGo,06:55 AM,11:25 AM,4h 30m,1 Stop,16181,11-30-2024
Delhi (DEL),Pune (PNQ),Air India Express,09:40 PM,02:50 AM,5h 10m,1 Stop,16264,11-30-2024
Delhi (DEL),Pune (PNQ),IndiGo,12:55 PM,05:40 PM,4h 45m,1 Stop,16581,11-30-2024
Delhi (DEL),Pune (PNQ),SpiceJet,06:55 PM,09:15 PM,2h 20m,Non-Stop,16787,11-30-2024
Delhi (DEL),Pune (PNQ),Air India,04:55 AM,11:10 AM,6h 15m,1 Stop,17573,11-30-2024
Delhi (DEL),Pune (PNQ),Air India Express,03:10 PM,09:45 PM,6h 35m,1 Stop,18028,11-30-2024
Delhi (DEL),Pune (PNQ),Air India Express,02:05 PM,09:45 PM,7h 40m,1 Stop,18028,11-30-2024
Delhi (DEL),Pune (PNQ),Air India,10:15 AM,12:35 PM,2h 20m,Non-Stop,18345,11-30-2024
Mumbai (BOM),Bengaluru (BLR),Air India,07:00 AM,09:15 AM,2h 15m,Non-Stop,11299,11-30-2024
Mumbai (BOM),Bengaluru (BLR),Air India,05:45 AM,08:00 AM,2h 15m,Non-Stop,11299,11-30-2024
Mumbai (BOM),Bengaluru (BLR),Air India,07:30 AM,09:35 AM,2h 5m,Non-Stop,11472,11-30-2024
Mumbai (BOM),Bengaluru (BLR),IndiGo,11:50 AM,02:10 PM,2h 20m,Non-Stop,11673,11-30-2024
Mumbai (BOM),Bengaluru (BLR),IndiGo,08:00 AM,10:20 AM,2h 20m,Non-Stop,11673,11-30-2024
Mumbai (BOM),Bengaluru (BLR),IndiGo,02:00 PM,04:20 PM,2h 20m,Non-Stop,11673,11-30-2024
Mumbai (BOM),Bengaluru (BLR),IndiGo,10:00 PM,12:25 AM,2h 25m,Non-Stop,11673,11-30-2024
Mumbai (BOM),Bengaluru (BLR),SpiceJet,10:00 PM,12:10 AM,2h 10m,Non-Stop,11747,11-30-2024
Mumbai (BOM),Bengaluru (BLR),IndiGo,06:00 PM,08:20 PM,2h 20m,Non-Stop,11968,11-30-2024
Mumbai (BOM),Bengaluru (BLR),IndiGo,10:00 AM,12:20 PM,2h 20m,Non-Stop,11968,11-30-2024
Mumbai (BOM),Bengaluru (BLR),IndiGo,07:05 AM,12:15 PM,5h 10m,1 Stop,12235,11-30-2024
Mumbai (BOM),Bengaluru (BLR),IndiGo,09:10 PM,01:05 AM,3h 55m,1 Stop,12277,11-30-2024
Mumbai (BOM),Bengaluru (BLR),Air India,12:25 PM,05:10 PM,4h 45m,1 Stop,12332,11-30-2024
Mumbai (BOM),Bengaluru (BLR),Akasa Air,04:00 PM,06:20 PM,2h 20m,Non-Stop,12501,11-30-2024
Delhi (DEL),Kolkata (CCU),Air India Express,03:10 PM,09:45 PM,6h 35m,1 Stop,18028,11-30-2024
Delhi (DEL),Kolkata (CCU),Air India Express,02:05 PM,09:45 PM,7h 40m,1 Stop,18028,11-30-2024
Delhi (DEL),Kolkata (CCU),Air India,10:15 AM,12:35 PM,2h 20m,Non-Stop,18345,11-30-2024
Delhi (DEL),Kolkata (CCU),Air India,10:00 PM,12:20 AM,2h 20m,Non-Stop,18345,11-30-2024
Delhi (DEL),Kolkata (CCU),Air India,02:15 AM,04:40 AM,2h 25m,Non-Stop,18345,11-30-2024
Delhi (DEL),Kolkata (CCU),Air India,10:30 PM,12:55 AM,2h 25m,Non-Stop,18345,11-30-2024
Delhi (DEL),Kolkata (CCU),Air India,10:15 AM,12:40 PM,2h 25m,Non-Stop,18345,11-30-2024
Delhi (DEL),Kolkata (CCU),Air India,05:45 PM,11:45 PM,6h,1 Stop,18958,11-30-2024
Delhi (DEL),Kolkata (CCU),IndiGo,03:10 PM,07:50 PM,4h 40m,1 Stop,19312,11-30-2024
Delhi (DEL),Kolkata (CCU),IndiGo,01:25 PM,06:45 PM,5h 20m,1 Stop,20737,11-30-2024
Delhi (DEL),Kolkata (CCU),Air India Express,01:15 PM,01:55 AM,12h 40m,1 Stop,21211,11-30-2024
Delhi (DEL),Kolkata (CCU),Air India Express,11:00 AM,08:00 PM,9h,1 Stop,21877,11-30-2024
Delhi (DEL),Kolkata (CCU),SpiceJet,01:50 PM,01:15 PM,23h 25m,1 Stop,21907,11-30-2024
Delhi (DEL),Kolkata (CCU),Air India,04:05 PM,10:40 PM,6h 35m,1 Stop,22415,11-30-2024
Delhi (DEL),Kolkata (CCU),Air India Express,05:35 AM,05:30 PM,11h 55m,1 Stop,22703,11-30-2024
Delhi (DEL),Kolkata (CCU),IndiGo,04:00 PM,08:10 PM,4h 10m,1 Stop,22719,11-30-2024
Delhi (DEL),Kolkata (CCU),Air India Express,02:00 PM,08:00 PM,6h,1 Stop,23876,11-30-2024
Delhi (DEL),Kolkata (CCU),Air India Express,04:30 AM,02:55 PM,10h 25m,1 Stop,26556,11-30-2024
Delhi (DEL),Kolkata (CCU),Air India,07:10 PM,09:35 PM,2h 25m,Non-Stop,26614,11-30-2024
Delhi (DEL),Kolkata (CCU),Air India,04:05 PM,09:50 PM,5h 45m,1 Stop,27387,11-30-2024
Delhi (DEL),Kolkata (CCU),Air India,11:00 AM,03:35 PM,4h 35m,1 Stop,29466,11-30-2024
Delhi (DEL),Kolkata (CCU),Air India,05:30 PM,11:40 PM,6h 10m,1 Stop,30548,11-30-2024
Delhi (DEL),Kolkata (CCU),Air India,01:20 PM,06:05 PM,4h 45m,1 Stop,31342,11-30-2024
Delhi (DEL),Kolkata (CCU),Air India,05:50 AM,10:55 AM,5h 5m,1 Stop,33796,11-30-2024
Bengaluru (BLR),Mumbai (BOM),IndiGo,07:55 PM,12:10 AM,4h 15m,1 Stop,12644,11-30-2024
Bengaluru (BLR),Mumbai (BOM),IndiGo,03:00 PM,05:20 PM,2h 20m,Non-Stop,12717,11-30-2024
Bengaluru (BLR),Mumbai (BOM),IndiGo,04:00 PM,06:20 PM,2h 20m,Non-Stop,12717,11-30-2024
Bengaluru (BLR),Mumbai (BOM),IndiGo,09:00 AM,11:20 AM,2h 20m,Non-Stop,12717,11-30-2024
Bengaluru (BLR),Mumbai (BOM),IndiGo,05:00 PM,07:20 PM,2h 20m,Non-Stop,12717,11-30-2024
Bengaluru (BLR),Mumbai (BOM),IndiGo,11:55 PM,02:15 AM,2h 20m,Non-Stop,12717,11-30-2024
Bengaluru (BLR),Mumbai (BOM),IndiGo,08:00 PM,10:30 PM,2h 30m,Non-Stop,12717,11-30-2024
Bengaluru (BLR),Mumbai (BOM),Air India,08:30 AM,10:40 AM,2h 10m,Non-Stop,12874,11-30-2024
Bengaluru (BLR),Mumbai (BOM),Air India,09:00 AM,11:10 AM,2h 10m,Non-Stop,12874,11-30-2024
Bengaluru (BLR),Mumbai (BOM),Air India,09:00 PM,11:20 PM,2h 20m,Non-Stop,12874,11-30-2024
Bengaluru (BLR),Mumbai (BOM),Air India,08:00 AM,10:20 AM,2h 20m,Non-Stop,12874,11-30-2024
Bengaluru (BLR),Mumbai (BOM),Air India,08:00 PM,10:25 PM,2h 25m,Non-Stop,12874,11-30-2024
Bengaluru (BLR),Mumbai (BOM),Air India,02:55 PM,05:20 PM,2h 25m,Non-Stop,12874,11-30-2024
Bengaluru (BLR),Mumbai (BOM),Air India,08:30 PM,11:05 PM,2h 35m,Non-Stop,12874,11-30-2024
Bengaluru (BLR),Mumbai (BOM),Air India,02:30 PM,06:15 PM,3h 45m,1 Stop,12874,11-30-2024
Bengaluru (BLR),Mumbai (BOM),IndiGo,01:00 PM,03:20 PM,2h 20m,Non-Stop,12961,11-30-2024
Bengaluru (BLR),Mumbai (BOM),Air India,07:30 PM,10:00 PM,2h 30m,Non-Stop,13079,11-30-2024
Bengaluru (BLR),Mumbai (BOM),Air India Express,05:00 AM,11:35 AM,6h 35m,1 Stop,13168,11-30-2024
Bengaluru (BLR),Mumbai (BOM),IndiGo,06:20 PM,10:25 PM,4h 5m,1 Stop,13372,11-30-2024
Bengaluru (BLR),Mumbai (BOM),Air India,02:10 PM,04:20 PM,2h 10m,Non-Stop,13384,11-30-2024
Bengaluru (BLR),Mumbai (BOM),Air India,04:50 PM,07:05 PM,2h 15m,Non-Stop,13384,11-30-2024
Bengaluru (BLR),Mumbai (BOM),Air India,07:00 PM,09:15 PM,2h 15m,Non-Stop,13384,11-30-2024
Bengaluru (BLR),Mumbai (BOM),Air India,03:30 PM,05:45 PM,2h 15m,Non-Stop,13384,11-30-2024
Bengaluru (BLR),Mumbai (BOM),Air India,02:20 PM,04:35 PM,2h 15m,Non-Stop,13384,11-30-2024
Chennai (MAA),Mumbai (BOM),Akasa Air,10:40 AM,01:05 PM,2h 25m,Non-Stop,10719,11-30-2024
Chennai (MAA),Mumbai (BOM),Air India,04:15 PM,11:25 PM,7h 10m,1 Stop,10743,11-30-2024
Chennai (MAA),Mumbai (BOM),Akasa Air,08:30 AM,10:50 AM,2h 20m,Non-Stop,11132,11-30-2024
Chennai (MAA),Mumbai (BOM),Air India,07:00 AM,09:15 AM,2h 15m,Non-Stop,11299,11-30-2024
Chennai (MAA),Mumbai (BOM),Air India,05:45 AM,08:00 AM,2h 15m,Non-Stop,11299,11-30-2024
Chennai (MAA),Mumbai (BOM),Air India,07:30 AM,09:35 AM,2h 5m,Non-Stop,11472,11-30-2024
Chennai (MAA),Mumbai (BOM),IndiGo,11:50 AM,02:10 PM,2h 20m,Non-Stop,11673,11-30-2024
Chennai (MAA),Mumbai (BOM),IndiGo,08:00 AM,10:20 AM,2h 20m,Non-Stop,11673,11-30-2024
Chennai (MAA),Mumbai (BOM),IndiGo,02:00 PM,04:20 PM,2h 20m,Non-Stop,11673,11-30-2024
Chennai (MAA),Mumbai (BOM),IndiGo,10:00 PM,12:25 AM,2h 25m,Non-Stop,11673,11-30-2024
Chennai (MAA),Mumbai (BOM),SpiceJet,10:00 PM,12:10 AM,2h 10m,Non-Stop,11747,11-30-2024
Chennai (MAA),Mumbai (BOM),IndiGo,06:00 PM,08:20 PM,2h 20m,Non-Stop,11968,11-30-2024
Chennai (MAA),Mumbai (BOM),IndiGo,10:00 AM,12:20 PM,2h 20m,Non-Stop,11968,11-30-2024
Chennai (MAA),Mumbai (BOM),IndiGo,07:05 AM,12:15 PM,5h 10m,1 Stop,12235,11-30-2024
Chennai (MAA),Mumbai (BOM),IndiGo,09:10 PM,01:05 AM,3h 55m,1 Stop,12277,11-30-2024
Chennai (MAA),Mumbai (BOM),Air India,12:25 PM,05:10 PM,4h 45m,1 Stop,12332,11-30-2024
Chennai (MAA),Mumbai (BOM),Akasa Air,04:00 PM,06:20 PM,2h 20m,Non-Stop,12501,11-30-2024
Chennai (MAA),Mumbai (BOM),IndiGo,07:55 PM,12:10 AM,4h 15m,1 Stop,12644,11-30-2024
Chennai (MAA),Mumbai (BOM),IndiGo,03:00 PM,05:20 PM,2h 20m,Non-Stop,12717,11-30-2024
Chennai (MAA),Mumbai (BOM),IndiGo,04:00 PM,06:20 PM,2h 20m,Non-Stop,12717,11-30-2024
Chennai (MAA),Mumbai (BOM),IndiGo,09:00 AM,11:20 AM,2h 20m,Non-Stop,12717,11-30-2024
Chennai (MAA),Mumbai (BOM),IndiGo,05:00 PM,07:20 PM,2h 20m,Non-Stop,12717,11-30-2024
Chennai (MAA),Mumbai (BOM),IndiGo,11:55 PM,02:15 AM,2h 20m,Non-Stop,12717,11-30-2024
Chennai (MAA),Mumbai (BOM),IndiGo,08:00 PM,10:30 PM,2h 30m,Non-Stop,12717,11-30-2024
